,date,sunrise,sunset,first_light,last_light,dawn,dusk,solar_noon,golden_hour,day_length,timezone,utc_offset
0,2024-01-01,5:38:18 AM,6:09:19 PM,4:21:58 AM,7:25:39 PM,5:15:33 AM,6:32:04 PM,11:53:49 AM,5:39:25 PM,12:31:01,Asia/Jakarta,420
1,2024-01-02,5:38:48 AM,6:09:44 PM,4:22:32 AM,7:26:01 PM,5:16:04 AM,6:32:28 PM,11:54:16 AM,5:39:51 PM,12:30:55,Asia/Jakarta,420
2,2024-01-03,5:39:19 AM,6:10:08 PM,4:23:06 AM,7:26:21 PM,5:16:36 AM,6:32:52 PM,11:54:44 AM,5:40:17 PM,12:30:49,Asia/Jakarta,420
3,2024-01-04,5:39:49 AM,6:10:32 PM,4:23:40 AM,7:26:42 PM,5:17:07 AM,6:33:14 PM,11:55:11 AM,5:40:42 PM,12:30:42,Asia/Jakarta,420
4,2024-01-05,5:40:20 AM,6:10:55 PM,4:24:14 AM,7:27:01 PM,5:17:39 AM,6:33:36 PM,11:55:38 AM,5:41:06 PM,12:30:35,Asia/Jakarta,420
5,2024-01-06,5:40:50 AM,6:11:18 PM,4:24:49 AM,7:27:19 PM,5:18:10 AM,6:33:58 PM,11:56:04 AM,5:41:30 PM,12:30:27,Asia/Jakarta,420
6,2024-01-07,5:41:20 AM,6:11:40 PM,4:25:24 AM,7:27:37 PM,5:18:42 AM,6:34:18 PM,11:56:30 AM,5:41:53 PM,12:30:19,Asia/Jakarta,420
7,2024-01-08,5:41:51 AM,6:12:01 PM,4:25:58 AM,7:27:53 PM,5:19:13 AM,6:34:38 PM,11:56:56 AM,5:42:16 PM,12:30:10,Asia/Jakarta,420
8,2024-01-09,5:42:20 AM,6:12:22 PM,4:26:33 AM,7:28:09 PM,5:19:44 AM,6:34:58 PM,11:57:21 AM,5:42:39 PM,12:30:01,Asia/Jakarta,420
9,2024-01-10,5:42:50 AM,6:12:41 PM,4:27:08 AM,7:28:24 PM,5:20:16 AM,6:35:16 PM,11:57:46 AM,5:43:00 PM,12:29:51,Asia/Jakarta,420
10,2024-01-11,5:43:20 AM,6:13:00 PM,4:27:43 AM,7:28:37 PM,5:20:46 AM,6:35:34 PM,11:58:10 AM,5:43:21 PM,12:29:40,Asia/Jakarta,420
11,2024-01-12,5:43:49 AM,6:13:19 PM,4:28:18 AM,7:28:50 PM,5:21:17 AM,6:35:51 PM,11:58:34 AM,5:43:41 PM,12:29:29,Asia/Jakarta,420
12,2024-01-13,5:44:18 AM,6:13:36 PM,4:28:52 AM,7:29:02 PM,5:21:48 AM,6:36:07 PM,11:58:57 AM,5:44:01 PM,12:29:18,Asia/Jakarta,420
13,2024-01-14,5:44:46 AM,6:13:53 PM,4:29:27 AM,7:29:13 PM,5:22:18 AM,6:36:22 PM,11:59:20 AM,5:44:20 PM,12:29:06,Asia/Jakarta,420
14,2024-01-15,5:45:15 AM,6:14:09 PM,4:30:01 AM,7:29:23 PM,5:22:48 AM,6:36:36 PM,11:59:42 AM,5:44:38 PM,12:28:54,Asia/Jakarta,420
15,2024-01-16,5:45:43 AM,6:14:24 PM,4:30:35 AM,7:29:32 PM,5:23:18 AM,6:36:50 PM,12:00:04 PM,5:44:55 PM,12:28:41,Asia/Jakarta,420
16,2024-01-17,5:46:10 AM,6:14:39 PM,4:31:09 AM,7:29:40 PM,5:23:47 AM,6:37:02 PM,12:00:25 PM,5:45:12 PM,12:28:28,Asia/Jakarta,420
17,2024-01-18,5:46:37 AM,6:14:52 PM,4:31:43 AM,7:29:47 PM,5:24:16 AM,6:37:14 PM,12:00:45 PM,5:45:28 PM,12:28:15,Asia/Jakarta,420
18,2024-01-19,5:47:04 AM,6:15:05 PM,4:32:17 AM,7:29:53 PM,5:24:44 AM,6:37:25 PM,12:01:05 PM,5:45:43 PM,12:28:01,Asia/Jakarta,420
19,2024-01-20,5:47:30 AM,6:15:17 PM,4:32:50 AM,7:29:57 PM,5:25:12 AM,6:37:35 PM,12:01:24 PM,5:45:57 PM,12:27:46,Asia/Jakarta,420
20,2024-01-21,5:47:56 AM,6:15:28 PM,4:33:22 AM,7:30:01 PM,5:25:40 AM,6:37:44 PM,12:01:42 PM,5:46:10 PM,12:27:32,Asia/Jakarta,420
21,2024-01-22,5:48:21 AM,6:15:38 PM,4:33:55 AM,7:30:04 PM,5:26:07 AM,6:37:52 PM,12:02:00 PM,5:46:23 PM,12:27:16,Asia/Jakarta,420
22,2024-01-23,5:48:46 AM,6:15:47 PM,4:34:27 AM,7:30:06 PM,5:26:34 AM,6:37:59 PM,12:02:16 PM,5:46:35 PM,12:27:01,Asia/Jakarta,420
23,2024-01-24,5:49:10 AM,6:15:55 PM,4:34:58 AM,7:30:07 PM,5:27:00 AM,6:38:05 PM,12:02:33 PM,5:46:45 PM,12:26:45,Asia/Jakarta,420
24,2024-01-25,5:49:34 AM,6:16:03 PM,4:35:29 AM,7:30:07 PM,5:27:26 AM,6:38:11 PM,12:02:48 PM,5:46:55 PM,12:26:29,Asia/Jakarta,420
25,2024-01-26,5:49:57 AM,6:16:09 PM,4:36:00 AM,7:30:06 PM,5:27:51 AM,6:38:15 PM,12:03:03 PM,5:47:04 PM,12:26:12,Asia/Jakarta,420
26,2024-01-27,5:50:19 AM,6:16:15 PM,4:36:30 AM,7:30:04 PM,5:28:15 AM,6:38:18 PM,12:03:17 PM,5:47:12 PM,12:25:55,Asia/Jakarta,420
27,2024-01-28,5:50:41 AM,6:16:19 PM,4:36:59 AM,7:30:01 PM,5:28:39 AM,6:38:21 PM,12:03:30 PM,5:47:20 PM,12:25:38,Asia/Jakarta,420
28,2024-01-29,5:51:02 AM,6:16:23 PM,4:37:28 AM,7:29:57 PM,5:29:02 AM,6:38:22 PM,12:03:42 PM,5:47:26 PM,12:25:20,Asia/Jakarta,420
29,2024-01-30,5:51:23 AM,6:16:26 PM,4:37:56 AM,7:29:52 PM,5:29:25 AM,6:38:23 PM,12:03:54 PM,5:47:31 PM,12:25:03,Asia/Jakarta,420
30,2024-01-31,5:51:42 AM,6:16:27 PM,4:38:24 AM,7:29:46 PM,5:29:47 AM,6:38:23 PM,12:04:05 PM,5:47:35 PM,12:24:44,Asia/Jakarta,420
31,2024-02-01,5:52:02 AM,6:16:28 PM,4:38:50 AM,7:29:39 PM,5:30:08 AM,6:38:21 PM,12:04:15 PM,5:47:39 PM,12:24:26,Asia/Jakarta,420
32,2024-02-02,5:52:20 AM,6:16:28 PM,4:39:17 AM,7:29:32 PM,5:30:29 AM,6:38:19 PM,12:04:24 PM,5:47:41 PM,12:24:07,Asia/Jakarta,420
33,2024-02-03,5:52:38 AM,6:16:27 PM,4:39:42 AM,7:29:23 PM,5:30:49 AM,6:38:16 PM,12:04:33 PM,5:47:43 PM,12:23:48,Asia/Jakarta,420
34,2024-02-04,5:52:55 AM,6:16:25 PM,4:40:07 AM,7:29:13 PM,5:31:08 AM,6:38:12 PM,12:04:40 PM,5:47:44 PM,12:23:29,Asia/Jakarta,420
35,2024-02-05,5:53:12 AM,6:16:22 PM,4:40:31 AM,7:29:03 PM,5:31:27 AM,6:38:07 PM,12:04:47 PM,5:47:43 PM,12:23:10,Asia/Jakarta,420
36,2024-02-06,5:53:28 AM,6:16:18 PM,4:40:55 AM,7:28:51 PM,5:31:45 AM,6:38:01 PM,12:04:53 PM,5:47:42 PM,12:22:50,Asia/Jakarta,420
37,2024-02-07,5:53:43 AM,6:16:13 PM,4:41:17 AM,7:28:39 PM,5:32:02 AM,6:37:54 PM,12:04:58 PM,5:47:40 PM,12:22:30,Asia/Jakarta,420
38,2024-02-08,5:53:57 AM,6:16:08 PM,4:41:39 AM,7:28:26 PM,5:32:19 AM,6:37:46 PM,12:05:02 PM,5:47:37 PM,12:22:10,Asia/Jakarta,420
39,2024-02-09,5:54:11 AM,6:16:01 PM,4:42:00 AM,7:28:12 PM,5:32:34 AM,6:37:38 PM,12:05:06 PM,5:47:32 PM,12:21:50,Asia/Jakarta,420
40,2024-02-10,5:54:24 AM,6:15:53 PM,4:42:21 AM,7:27:57 PM,5:32:49 AM,6:37:28 PM,12:05:09 PM,5:47:27 PM,12:21:29,Asia/Jakarta,420
41,2024-02-11,5:54:36 AM,6:15:45 PM,4:42:40 AM,7:27:41 PM,5:33:04 AM,6:37:18 PM,12:05:11 PM,5:47:21 PM,12:21:08,Asia/Jakarta,420
42,2024-02-12,5:54:48 AM,6:15:36 PM,4:42:59 AM,7:27:24 PM,5:33:17 AM,6:37:06 PM,12:05:12 PM,5:47:14 PM,12:20:47,Asia/Jakarta,420
43,2024-02-13,5:54:59 AM,6:15:25 PM,4:43:17 AM,7:27:07 PM,5:33:30 AM,6:36:54 PM,12:05:12 PM,5:47:07 PM,12:20:26,Asia/Jakarta,420
44,2024-02-14,5:55:09 AM,6:15:14 PM,4:43:34 AM,7:26:49 PM,5:33:42 AM,6:36:41 PM,12:05:11 PM,5:46:58 PM,12:20:05,Asia/Jakarta,420
45,2024-02-15,5:55:18 AM,6:15:02 PM,4:43:50 AM,7:26:30 PM,5:33:53 AM,6:36:27 PM,12:05:10 PM,5:46:48 PM,12:19:44,Asia/Jakarta,420
46,2024-02-16,5:55:27 AM,6:14:49 PM,4:44:06 AM,7:26:11 PM,5:34:04 AM,6:36:12 PM,12:05:08 PM,5:46:38 PM,12:19:22,Asia/Jakarta,420
47,2024-02-17,5:55:35 AM,6:14:36 PM,4:44:20 AM,7:25:50 PM,5:34:13 AM,6:35:57 PM,12:05:05 PM,5:46:26 PM,12:19:00,Asia/Jakarta,420
48,2024-02-18,5:55:42 AM,6:14:21 PM,4:44:34 AM,7:25:29 PM,5:34:23 AM,6:35:41 PM,12:05:02 PM,5:46:14 PM,12:18:39,Asia/Jakarta,420
49,2024-02-19,5:55:49 AM,6:14:06 PM,4:44:47 AM,7:25:07 PM,5:34:31 AM,6:35:24 PM,12:04:57 PM,5:46:01 PM,12:18:17,Asia/Jakarta,420
50,2024-02-20,5:55:55 AM,6:13:50 PM,4:44:59 AM,7:24:45 PM,5:34:39 AM,6:35:06 PM,12:04:52 PM,5:45:47 PM,12:17:55,Asia/Jakarta,420
51,2024-02-21,5:56:00 AM,6:13:33 PM,4:45:11 AM,7:24:22 PM,5:34:46 AM,6:34:47 PM,12:04:46 PM,5:45:32 PM,12:17:32,Asia/Jakarta,420
52,2024-02-22,5:56:05 AM,6:13:15 PM,4:45:21 AM,7:23:59 PM,5:34:52 AM,6:34:28 PM,12:04:40 PM,5:45:16 PM,12:17:10,Asia/Jakarta,420
53,2024-02-23,5:56:09 AM,6:12:57 PM,4:45:31 AM,7:23:34 PM,5:34:57 AM,6:34:08 PM,12:04:33 PM,5:45:00 PM,12:16:48,Asia/Jakarta,420
54,2024-02-24,5:56:12 AM,6:12:38 PM,4:45:40 AM,7:23:10 PM,5:35:02 AM,6:33:47 PM,12:04:25 PM,5:44:42 PM,12:16:25,Asia/Jakarta,420
55,2024-02-25,5:56:15 AM,6:12:18 PM,4:45:48 AM,7:22:44 PM,5:35:06 AM,6:33:26 PM,12:04:16 PM,5:44:24 PM,12:16:03,Asia/Jakarta,420
56,2024-02-26,5:56:17 AM,6:11:57 PM,4:45:56 AM,7:22:18 PM,5:35:10 AM,6:33:04 PM,12:04:07 PM,5:44:06 PM,12:15:40,Asia/Jakarta,420
57,2024-02-27,5:56:18 AM,6:11:36 PM,4:46:02 AM,7:21:52 PM,5:35:13 AM,6:32:42 PM,12:03:57 PM,5:43:46 PM,12:15:17,Asia/Jakarta,420
58,2024-02-28,5:56:19 AM,6:11:14 PM,4:46:08 AM,7:21:25 PM,5:35:15 AM,6:32:18 PM,12:03:47 PM,5:43:26 PM,12:14:55,Asia/Jakarta,420
59,2024-02-29,5:56:19 AM,6:10:52 PM,4:46:13 AM,7:20:58 PM,5:35:17 AM,6:31:55 PM,12:03:36 PM,5:43:05 PM,12:14:32,Asia/Jakarta,420
60,2024-03-01,5:56:19 AM,6:10:29 PM,4:46:18 AM,7:20:30 PM,5:35:18 AM,6:31:30 PM,12:03:24 PM,5:42:43 PM,12:14:09,Asia/Jakarta,420
61,2024-03-02,5:56:18 AM,6:10:05 PM,4:46:21 AM,7:20:02 PM,5:35:18 AM,6:31:06 PM,12:03:12 PM,5:42:21 PM,12:13:46,Asia/Jakarta,420
62,2024-03-03,5:56:17 AM,6:09:41 PM,4:46:24 AM,7:19:34 PM,5:35:18 AM,6:30:40 PM,12:02:59 PM,5:41:58 PM,12:13:23,Asia/Jakarta,420
63,2024-03-04,5:56:15 AM,6:09:16 PM,4:46:27 AM,7:19:05 PM,5:35:17 AM,6:30:14 PM,12:02:46 PM,5:41:34 PM,12:13:00,Asia/Jakarta,420
64,2024-03-05,5:56:13 AM,6:08:51 PM,4:46:28 AM,7:18:36 PM,5:35:16 AM,6:29:48 PM,12:02:32 PM,5:41:10 PM,12:12:37,Asia/Jakarta,420
65,2024-03-06,5:56:11 AM,6:08:25 PM,4:46:29 AM,7:18:06 PM,5:35:14 AM,6:29:21 PM,12:02:18 PM,5:40:46 PM,12:12:14,Asia/Jakarta,420
66,2024-03-07,5:56:07 AM,6:07:59 PM,4:46:29 AM,7:17:37 PM,5:35:12 AM,6:28:54 PM,12:02:03 PM,5:40:20 PM,12:11:51,Asia/Jakarta,420
67,2024-03-08,5:56:04 AM,6:07:32 PM,4:46:29 AM,7:17:07 PM,5:35:09 AM,6:28:27 PM,12:01:48 PM,5:39:55 PM,12:11:28,Asia/Jakarta,420
68,2024-03-09,5:56:00 AM,6:07:05 PM,4:46:28 AM,7:16:36 PM,5:35:06 AM,6:27:59 PM,12:01:32 PM,5:39:28 PM,12:11:05,Asia/Jakarta,420
69,2024-03-10,5:55:55 AM,6:06:37 PM,4:46:27 AM,7:16:06 PM,5:35:02 AM,6:27:30 PM,12:01:16 PM,5:39:02 PM,12:10:41,Asia/Jakarta,420
70,2024-03-11,5:55:51 AM,6:06:09 PM,4:46:25 AM,7:15:36 PM,5:34:58 AM,6:27:02 PM,12:01:00 PM,5:38:35 PM,12:10:18,Asia/Jakarta,420
71,2024-03-12,5:55:46 AM,6:05:41 PM,4:46:22 AM,7:15:05 PM,5:34:54 AM,6:26:33 PM,12:00:43 PM,5:38:07 PM,12:09:55,Asia/Jakarta,420
72,2024-03-13,5:55:40 AM,6:05:13 PM,4:46:19 AM,7:14:34 PM,5:34:49 AM,6:26:04 PM,12:00:26 PM,5:37:39 PM,12:09:32,Asia/Jakarta,420
73,2024-03-14,5:55:35 AM,6:04:44 PM,4:46:15 AM,7:14:03 PM,5:34:44 AM,6:25:35 PM,12:00:09 PM,5:37:11 PM,12:09:09,Asia/Jakarta,420
74,2024-03-15,5:55:29 AM,6:04:15 PM,4:46:11 AM,7:13:32 PM,5:34:38 AM,6:25:05 PM,11:59:52 AM,5:36:42 PM,12:08:46,Asia/Jakarta,420
75,2024-03-16,5:55:22 AM,6:03:45 PM,4:46:06 AM,7:13:01 PM,5:34:32 AM,6:24:35 PM,11:59:34 AM,5:36:13 PM,12:08:22,Asia/Jakarta,420
76,2024-03-17,5:55:16 AM,6:03:16 PM,4:46:01 AM,7:12:30 PM,5:34:26 AM,6:24:05 PM,11:59:16 AM,5:35:43 PM,12:07:59,Asia/Jakarta,420
77,2024-03-18,5:55:09 AM,6:02:46 PM,4:45:56 AM,7:11:59 PM,5:34:20 AM,6:23:35 PM,11:58:58 AM,5:35:14 PM,12:07:36,Asia/Jakarta,420
78,2024-03-19,5:55:02 AM,6:02:16 PM,4:45:50 AM,7:11:28 PM,5:34:13 AM,6:23:05 PM,11:58:39 AM,5:34:44 PM,12:07:13,Asia/Jakarta,420
79,2024-03-20,5:54:55 AM,6:01:46 PM,4:45:44 AM,7:10:58 PM,5:34:06 AM,6:22:35 PM,11:58:21 AM,5:34:14 PM,12:06:50,Asia/Jakarta,420
80,2024-03-21,5:54:48 AM,6:01:16 PM,4:45:37 AM,7:10:27 PM,5:33:59 AM,6:22:05 PM,11:58:02 AM,5:33:44 PM,12:06:27,Asia/Jakarta,420
81,2024-03-22,5:54:41 AM,6:00:45 PM,4:45:30 AM,7:09:56 PM,5:33:52 AM,6:21:35 PM,11:57:43 AM,5:33:13 PM,12:06:04,Asia/Jakarta,420
82,2024-03-23,5:54:33 AM,6:00:15 PM,4:45:23 AM,7:09:26 PM,5:33:44 AM,6:21:04 PM,11:57:24 AM,5:32:43 PM,12:05:41,Asia/Jakarta,420
83,2024-03-24,5:54:26 AM,5:59:45 PM,4:45:15 AM,7:08:55 PM,5:33:37 AM,6:20:34 PM,11:57:05 AM,5:32:12 PM,12:05:18,Asia/Jakarta,420
84,2024-03-25,5:54:19 AM,5:59:14 PM,4:45:08 AM,7:08:25 PM,5:33:29 AM,6:20:04 PM,11:56:46 AM,5:31:41 PM,12:04:55,Asia/Jakarta,420
85,2024-03-26,5:54:11 AM,5:58:44 PM,4:45:00 AM,7:07:55 PM,5:33:21 AM,6:19:34 PM,11:56:27 AM,5:31:10 PM,12:04:32,Asia/Jakarta,420
86,2024-03-27,5:54:03 AM,5:58:14 PM,4:44:51 AM,7:07:26 PM,5:33:13 AM,6:19:04 PM,11:56:09 AM,5:30:39 PM,12:04:10,Asia/Jakarta,420
87,2024-03-28,5:53:56 AM,5:57:43 PM,4:44:43 AM,7:06:56 PM,5:33:05 AM,6:18:34 PM,11:55:50 AM,5:30:09 PM,12:03:47,Asia/Jakarta,420
88,2024-03-29,5:53:48 AM,5:57:13 PM,4:44:34 AM,7:06:27 PM,5:32:57 AM,6:18:04 PM,11:55:31 AM,5:29:38 PM,12:03:24,Asia/Jakarta,420
89,2024-03-30,5:53:41 AM,5:56:43 PM,4:44:26 AM,7:05:58 PM,5:32:49 AM,6:17:35 PM,11:55:12 AM,5:29:07 PM,12:03:02,Asia/Jakarta,420
90,2024-03-31,5:53:34 AM,5:56:13 PM,4:44:17 AM,7:05:30 PM,5:32:42 AM,6:17:05 PM,11:54:53 AM,5:28:36 PM,12:02:39,Asia/Jakarta,420
91,2024-04-01,5:53:26 AM,5:55:44 PM,4:44:08 AM,7:05:02 PM,5:32:34 AM,6:16:36 PM,11:54:35 AM,5:28:05 PM,12:02:17,Asia/Jakarta,420
92,2024-04-02,5:53:19 AM,5:55:14 PM,4:43:59 AM,7:04:34 PM,5:32:26 AM,6:16:07 PM,11:54:17 AM,5:27:35 PM,12:01:54,Asia/Jakarta,420
93,2024-04-03,5:53:12 AM,5:54:45 PM,4:43:50 AM,7:04:07 PM,5:32:18 AM,6:15:39 PM,11:53:58 AM,5:27:05 PM,12:01:32,Asia/Jakarta,420
94,2024-04-04,5:53:05 AM,5:54:16 PM,4:43:41 AM,7:03:40 PM,5:32:10 AM,6:15:10 PM,11:53:40 AM,5:26:34 PM,12:01:10,Asia/Jakarta,420
95,2024-04-05,5:52:58 AM,5:53:47 PM,4:43:32 AM,7:03:14 PM,5:32:03 AM,6:14:42 PM,11:53:23 AM,5:26:04 PM,12:00:48,Asia/Jakarta,420
96,2024-04-06,5:52:52 AM,5:53:18 PM,4:43:22 AM,7:02:48 PM,5:31:56 AM,6:14:15 PM,11:53:05 AM,5:25:34 PM,12:00:26,Asia/Jakarta,420
97,2024-04-07,5:52:46 AM,5:52:50 PM,4:43:13 AM,7:02:22 PM,5:31:48 AM,6:13:47 PM,11:52:48 AM,5:25:05 PM,12:00:04,Asia/Jakarta,420
98,2024-04-08,5:52:40 AM,5:52:22 PM,4:43:04 AM,7:01:57 PM,5:31:41 AM,6:13:20 PM,11:52:31 AM,5:24:35 PM,11:59:42,Asia/Jakarta,420
99,2024-04-09,5:52:34 AM,5:51:54 PM,4:42:55 AM,7:01:33 PM,5:31:34 AM,6:12:54 PM,11:52:14 AM,5:24:06 PM,11:59:20,Asia/Jakarta,420
100,2024-04-10,5:52:28 AM,5:51:27 PM,4:42:46 AM,7:01:09 PM,5:31:28 AM,6:12:28 PM,11:51:58 AM,5:23:38 PM,11:58:59,Asia/Jakarta,420
101,2024-04-11,5:52:23 AM,5:51:00 PM,4:42:38 AM,7:00:46 PM,5:31:21 AM,6:12:02 PM,11:51:42 AM,5:23:09 PM,11:58:37,Asia/Jakarta,420
102,2024-04-12,5:52:18 AM,5:50:34 PM,4:42:29 AM,7:00:23 PM,5:31:15 AM,6:11:37 PM,11:51:26 AM,5:22:41 PM,11:58:16,Asia/Jakarta,420
103,2024-04-13,5:52:13 AM,5:50:08 PM,4:42:21 AM,7:00:01 PM,5:31:09 AM,6:11:12 PM,11:51:11 AM,5:22:13 PM,11:57:54,Asia/Jakarta,420
104,2024-04-14,5:52:09 AM,5:49:42 PM,4:42:12 AM,6:59:39 PM,5:31:04 AM,6:10:48 PM,11:50:56 AM,5:21:46 PM,11:57:33,Asia/Jakarta,420
105,2024-04-15,5:52:05 AM,5:49:17 PM,4:42:04 AM,6:59:18 PM,5:30:58 AM,6:10:24 PM,11:50:41 AM,5:21:19 PM,11:57:12,Asia/Jakarta,420
106,2024-04-16,5:52:01 AM,5:48:53 PM,4:41:56 AM,6:58:58 PM,5:30:53 AM,6:10:01 PM,11:50:27 AM,5:20:52 PM,11:56:51,Asia/Jakarta,420
107,2024-04-17,5:51:58 AM,5:48:29 PM,4:41:49 AM,6:58:38 PM,5:30:49 AM,6:09:38 PM,11:50:13 AM,5:20:26 PM,11:56:30,Asia/Jakarta,420
108,2024-04-18,5:51:55 AM,5:48:05 PM,4:41:41 AM,6:58:19 PM,5:30:44 AM,6:09:16 PM,11:50:00 AM,5:20:01 PM,11:56:10,Asia/Jakarta,420
109,2024-04-19,5:51:52 AM,5:47:42 PM,4:41:34 AM,6:58:00 PM,5:30:40 AM,6:08:54 PM,11:49:47 AM,5:19:35 PM,11:55:49,Asia/Jakarta,420
110,2024-04-20,5:51:50 AM,5:47:19 PM,4:41:27 AM,6:57:43 PM,5:30:37 AM,6:08:33 PM,11:49:35 AM,5:19:11 PM,11:55:29,Asia/Jakarta,420
111,2024-04-21,5:51:48 AM,5:46:57 PM,4:41:20 AM,6:57:25 PM,5:30:33 AM,6:08:12 PM,11:49:23 AM,5:18:46 PM,11:55:09,Asia/Jakarta,420
112,2024-04-22,5:51:47 AM,5:46:36 PM,4:41:14 AM,6:57:09 PM,5:30:30 AM,6:07:53 PM,11:49:11 AM,5:18:23 PM,11:54:48,Asia/Jakarta,420
113,2024-04-23,5:51:46 AM,5:46:15 PM,4:41:08 AM,6:56:53 PM,5:30:28 AM,6:07:33 PM,11:49:01 AM,5:18:00 PM,11:54:29,Asia/Jakarta,420
114,2024-04-24,5:51:45 AM,5:45:55 PM,4:41:02 AM,6:56:38 PM,5:30:25 AM,6:07:15 PM,11:48:50 AM,5:17:37 PM,11:54:09,Asia/Jakarta,420
115,2024-04-25,5:51:45 AM,5:45:35 PM,4:40:56 AM,6:56:24 PM,5:30:24 AM,6:06:57 PM,11:48:40 AM,5:17:15 PM,11:53:49,Asia/Jakarta,420
116,2024-04-26,5:51:46 AM,5:45:16 PM,4:40:51 AM,6:56:10 PM,5:30:22 AM,6:06:39 PM,11:48:31 AM,5:16:54 PM,11:53:30,Asia/Jakarta,420
117,2024-04-27,5:51:46 AM,5:44:58 PM,4:40:47 AM,6:55:58 PM,5:30:21 AM,6:06:23 PM,11:48:22 AM,5:16:33 PM,11:53:11,Asia/Jakarta,420
118,2024-04-28,5:51:48 AM,5:44:40 PM,4:40:42 AM,6:55:45 PM,5:30:21 AM,6:06:07 PM,11:48:14 AM,5:16:13 PM,11:52:52,Asia/Jakarta,420
119,2024-04-29,5:51:49 AM,5:44:23 PM,4:40:38 AM,6:55:34 PM,5:30:21 AM,6:05:51 PM,11:48:06 AM,5:15:53 PM,11:52:33,Asia/Jakarta,420
120,2024-04-30,5:51:51 AM,5:44:06 PM,4:40:34 AM,6:55:23 PM,5:30:21 AM,6:05:37 PM,11:47:59 AM,5:15:34 PM,11:52:14,Asia/Jakarta,420
121,2024-05-01,5:51:54 AM,5:43:50 PM,4:40:31 AM,6:55:13 PM,5:30:22 AM,6:05:22 PM,11:47:52 AM,5:15:15 PM,11:51:56,Asia/Jakarta,420
122,2024-05-02,5:51:57 AM,5:43:35 PM,4:40:28 AM,6:55:04 PM,5:30:23 AM,6:05:09 PM,11:47:46 AM,5:14:58 PM,11:51:38,Asia/Jakarta,420
123,2024-05-03,5:52:00 AM,5:43:21 PM,4:40:26 AM,6:54:55 PM,5:30:25 AM,6:04:56 PM,11:47:41 AM,5:14:41 PM,11:51:20,Asia/Jakarta,420
124,2024-05-04,5:52:04 AM,5:43:07 PM,4:40:24 AM,6:54:48 PM,5:30:27 AM,6:04:44 PM,11:47:36 AM,5:14:24 PM,11:51:02,Asia/Jakarta,420
125,2024-05-05,5:52:09 AM,5:42:54 PM,4:40:22 AM,6:54:40 PM,5:30:29 AM,6:04:33 PM,11:47:31 AM,5:14:08 PM,11:50:44,Asia/Jakarta,420
126,2024-05-06,5:52:14 AM,5:42:41 PM,4:40:21 AM,6:54:34 PM,5:30:32 AM,6:04:23 PM,11:47:27 AM,5:13:53 PM,11:50:27,Asia/Jakarta,420
127,2024-05-07,5:52:19 AM,5:42:29 PM,4:40:20 AM,6:54:28 PM,5:30:36 AM,6:04:13 PM,11:47:24 AM,5:13:39 PM,11:50:10,Asia/Jakarta,420
128,2024-05-08,5:52:25 AM,5:42:18 PM,4:40:19 AM,6:54:23 PM,5:30:39 AM,6:04:03 PM,11:47:21 AM,5:13:25 PM,11:49:53,Asia/Jakarta,420
129,2024-05-09,5:52:31 AM,5:42:08 PM,4:40:19 AM,6:54:19 PM,5:30:44 AM,6:03:55 PM,11:47:19 AM,5:13:12 PM,11:49:37,Asia/Jakarta,420
130,2024-05-10,5:52:37 AM,5:41:58 PM,4:40:20 AM,6:54:15 PM,5:30:48 AM,6:03:47 PM,11:47:18 AM,5:13:00 PM,11:49:20,Asia/Jakarta,420
131,2024-05-11,5:52:44 AM,5:41:49 PM,4:40:21 AM,6:54:12 PM,5:30:53 AM,6:03:40 PM,11:47:17 AM,5:12:48 PM,11:49:04,Asia/Jakarta,420
132,2024-05-12,5:52:52 AM,5:41:41 PM,4:40:22 AM,6:54:10 PM,5:30:59 AM,6:03:33 PM,11:47:16 AM,5:12:37 PM,11:48:49,Asia/Jakarta,420
133,2024-05-13,5:52:59 AM,5:41:33 PM,4:40:24 AM,6:54:09 PM,5:31:05 AM,6:03:28 PM,11:47:16 AM,5:12:27 PM,11:48:33,Asia/Jakarta,420
134,2024-05-14,5:53:08 AM,5:41:26 PM,4:40:26 AM,6:54:08 PM,5:31:11 AM,6:03:22 PM,11:47:17 AM,5:12:17 PM,11:48:18,Asia/Jakarta,420
135,2024-05-15,5:53:16 AM,5:41:20 PM,4:40:29 AM,6:54:08 PM,5:31:18 AM,6:03:18 PM,11:47:18 AM,5:12:08 PM,11:48:03,Asia/Jakarta,420
136,2024-05-16,5:53:25 AM,5:41:14 PM,4:40:32 AM,6:54:08 PM,5:31:25 AM,6:03:14 PM,11:47:20 AM,5:12:00 PM,11:47:48,Asia/Jakarta,420
137,2024-05-17,5:53:35 AM,5:41:09 PM,4:40:35 AM,6:54:09 PM,5:31:33 AM,6:03:11 PM,11:47:22 AM,5:11:53 PM,11:47:34,Asia/Jakarta,420
138,2024-05-18,5:53:44 AM,5:41:05 PM,4:40:39 AM,6:54:11 PM,5:31:41 AM,6:03:09 PM,11:47:25 AM,5:11:46 PM,11:47:20,Asia/Jakarta,420
139,2024-05-19,5:53:54 AM,5:41:01 PM,4:40:43 AM,6:54:13 PM,5:31:49 AM,6:03:07 PM,11:47:28 AM,5:11:40 PM,11:47:07,Asia/Jakarta,420
140,2024-05-20,5:54:05 AM,5:40:58 PM,4:40:48 AM,6:54:16 PM,5:31:58 AM,6:03:06 PM,11:47:32 AM,5:11:35 PM,11:46:53,Asia/Jakarta,420
141,2024-05-21,5:54:16 AM,5:40:56 PM,4:40:53 AM,6:54:19 PM,5:32:07 AM,6:03:05 PM,11:47:36 AM,5:11:30 PM,11:46:40,Asia/Jakarta,420
142,2024-05-22,5:54:27 AM,5:40:55 PM,4:40:58 AM,6:54:23 PM,5:32:16 AM,6:03:05 PM,11:47:41 AM,5:11:26 PM,11:46:27,Asia/Jakarta,420
143,2024-05-23,5:54:38 AM,5:40:54 PM,4:41:04 AM,6:54:27 PM,5:32:26 AM,6:03:06 PM,11:47:46 AM,5:11:23 PM,11:46:15,Asia/Jakarta,420
144,2024-05-24,5:54:50 AM,5:40:53 PM,4:41:10 AM,6:54:32 PM,5:32:36 AM,6:03:07 PM,11:47:51 AM,5:11:20 PM,11:46:03,Asia/Jakarta,420
145,2024-05-25,5:55:02 AM,5:40:54 PM,4:41:17 AM,6:54:38 PM,5:32:46 AM,6:03:09 PM,11:47:58 AM,5:11:18 PM,11:45:52,Asia/Jakarta,420
146,2024-05-26,5:55:14 AM,5:40:54 PM,4:41:24 AM,6:54:44 PM,5:32:56 AM,6:03:12 PM,11:48:04 AM,5:11:17 PM,11:45:40,Asia/Jakarta,420
147,2024-05-27,5:55:26 AM,5:40:56 PM,4:41:31 AM,6:54:51 PM,5:33:07 AM,6:03:15 PM,11:48:11 AM,5:11:16 PM,11:45:29,Asia/Jakarta,420
148,2024-05-28,5:55:39 AM,5:40:58 PM,4:41:39 AM,6:54:58 PM,5:33:19 AM,6:03:18 PM,11:48:18 AM,5:11:16 PM,11:45:19,Asia/Jakarta,420
149,2024-05-29,5:55:52 AM,5:41:01 PM,4:41:47 AM,6:55:05 PM,5:33:30 AM,6:03:22 PM,11:48:26 AM,5:11:17 PM,11:45:09,Asia/Jakarta,420
150,2024-05-30,5:56:05 AM,5:41:04 PM,4:41:56 AM,6:55:13 PM,5:33:42 AM,6:03:27 PM,11:48:34 AM,5:11:18 PM,11:44:59,Asia/Jakarta,420
151,2024-05-31,5:56:18 AM,5:41:08 PM,4:42:04 AM,6:55:21 PM,5:33:53 AM,6:03:32 PM,11:48:43 AM,5:11:20 PM,11:44:50,Asia/Jakarta,420
152,2024-06-01,5:56:31 AM,5:41:12 PM,4:42:14 AM,6:55:30 PM,5:34:05 AM,6:03:38 PM,11:48:52 AM,5:11:23 PM,11:44:41,Asia/Jakarta,420
153,2024-06-02,5:56:45 AM,5:41:17 PM,4:42:23 AM,6:55:39 PM,5:34:18 AM,6:03:44 PM,11:49:01 AM,5:11:26 PM,11:44:32,Asia/Jakarta,420
154,2024-06-03,5:56:58 AM,5:41:23 PM,4:42:33 AM,6:55:48 PM,5:34:30 AM,6:03:51 PM,11:49:10 AM,5:11:30 PM,11:44:24,Asia/Jakarta,420
155,2024-06-04,5:57:12 AM,5:41:29 PM,4:42:42 AM,6:55:58 PM,5:34:43 AM,6:03:58 PM,11:49:20 AM,5:11:34 PM,11:44:16,Asia/Jakarta,420
156,2024-06-05,5:57:26 AM,5:41:35 PM,4:42:53 AM,6:56:08 PM,5:34:55 AM,6:04:05 PM,11:49:30 AM,5:11:39 PM,11:44:09,Asia/Jakarta,420
157,2024-06-06,5:57:39 AM,5:41:42 PM,4:43:03 AM,6:56:18 PM,5:35:08 AM,6:04:13 PM,11:49:41 AM,5:11:44 PM,11:44:02,Asia/Jakarta,420
158,2024-06-07,5:57:53 AM,5:41:49 PM,4:43:14 AM,6:56:29 PM,5:35:21 AM,6:04:22 PM,11:49:51 AM,5:11:50 PM,11:43:55,Asia/Jakarta,420
159,2024-06-08,5:58:07 AM,5:41:57 PM,4:43:25 AM,6:56:40 PM,5:35:34 AM,6:04:30 PM,11:50:02 AM,5:11:57 PM,11:43:49,Asia/Jakarta,420
160,2024-06-09,5:58:21 AM,5:42:05 PM,4:43:36 AM,6:56:51 PM,5:35:47 AM,6:04:40 PM,11:50:13 AM,5:12:04 PM,11:43:44,Asia/Jakarta,420
161,2024-06-10,5:58:35 AM,5:42:14 PM,4:43:47 AM,6:57:02 PM,5:36:00 AM,6:04:49 PM,11:50:25 AM,5:12:12 PM,11:43:38,Asia/Jakarta,420
162,2024-06-11,5:58:49 AM,5:42:23 PM,4:43:58 AM,6:57:14 PM,5:36:13 AM,6:04:59 PM,11:50:36 AM,5:12:20 PM,11:43:34,Asia/Jakarta,420
163,2024-06-12,5:59:03 AM,5:42:33 PM,4:44:10 AM,6:57:25 PM,5:36:26 AM,6:05:09 PM,11:50:48 AM,5:12:28 PM,11:43:29,Asia/Jakarta,420
164,2024-06-13,5:59:16 AM,5:42:42 PM,4:44:22 AM,6:57:37 PM,5:36:39 AM,6:05:19 PM,11:50:59 AM,5:12:37 PM,11:43:25,Asia/Jakarta,420
165,2024-06-14,5:59:30 AM,5:42:53 PM,4:44:34 AM,6:57:49 PM,5:36:52 AM,6:05:30 PM,11:51:11 AM,5:12:47 PM,11:43:22,Asia/Jakarta,420
166,2024-06-15,5:59:43 AM,5:43:03 PM,4:44:46 AM,6:58:01 PM,5:37:05 AM,6:05:41 PM,11:51:23 AM,5:12:56 PM,11:43:19,Asia/Jakarta,420
167,2024-06-16,5:59:57 AM,5:43:14 PM,4:44:58 AM,6:58:13 PM,5:37:18 AM,6:05:52 PM,11:51:35 AM,5:13:07 PM,11:43:17,Asia/Jakarta,420
168,2024-06-17,6:00:10 AM,5:43:25 PM,4:45:10 AM,6:58:25 PM,5:37:31 AM,6:06:04 PM,11:51:47 AM,5:13:17 PM,11:43:14,Asia/Jakarta,420
169,2024-06-18,6:00:23 AM,5:43:36 PM,4:45:22 AM,6:58:37 PM,5:37:44 AM,6:06:15 PM,11:52:00 AM,5:13:28 PM,11:43:13,Asia/Jakarta,420
170,2024-06-19,6:00:36 AM,5:43:48 PM,4:45:34 AM,6:58:50 PM,5:37:57 AM,6:06:27 PM,11:52:12 AM,5:13:40 PM,11:43:12,Asia/Jakarta,420
171,2024-06-20,6:00:48 AM,5:44:00 PM,4:45:46 AM,6:59:02 PM,5:38:09 AM,6:06:39 PM,11:52:24 AM,5:13:51 PM,11:43:11,Asia/Jakarta,420
172,2024-06-21,6:01:01 AM,5:44:12 PM,4:45:59 AM,6:59:14 PM,5:38:21 AM,6:06:51 PM,11:52:36 AM,5:14:03 PM,11:43:11,Asia/Jakarta,420
173,2024-06-22,6:01:13 AM,5:44:24 PM,4:46:11 AM,6:59:26 PM,5:38:34 AM,6:07:03 PM,11:52:48 AM,5:14:16 PM,11:43:11,Asia/Jakarta,420
174,2024-06-23,6:01:25 AM,5:44:37 PM,4:46:23 AM,6:59:38 PM,5:38:45 AM,6:07:16 PM,11:53:01 AM,5:14:28 PM,11:43:11,Asia/Jakarta,420
175,2024-06-24,6:01:36 AM,5:44:49 PM,4:46:35 AM,6:59:50 PM,5:38:57 AM,6:07:28 PM,11:53:13 AM,5:14:41 PM,11:43:13,Asia/Jakarta,420
176,2024-06-25,6:01:47 AM,5:45:02 PM,4:46:47 AM,7:00:02 PM,5:39:09 AM,6:07:41 PM,11:53:25 AM,5:14:54 PM,11:43:14,Asia/Jakarta,420
177,2024-06-26,6:01:58 AM,5:45:15 PM,4:46:59 AM,7:00:14 PM,5:39:20 AM,6:07:53 PM,11:53:36 AM,5:15:07 PM,11:43:16,Asia/Jakarta,420
178,2024-06-27,6:02:09 AM,5:45:28 PM,4:47:10 AM,7:00:26 PM,5:39:31 AM,6:08:06 PM,11:53:48 AM,5:15:21 PM,11:43:19,Asia/Jakarta,420
179,2024-06-28,6:02:19 AM,5:45:41 PM,4:47:22 AM,7:00:37 PM,5:39:41 AM,6:08:18 PM,11:54:00 AM,5:15:35 PM,11:43:21,Asia/Jakarta,420
180,2024-06-29,6:02:29 AM,5:45:54 PM,4:47:34 AM,7:00:49 PM,5:39:51 AM,6:08:31 PM,11:54:11 AM,5:15:48 PM,11:43:25,Asia/Jakarta,420
181,2024-06-30,6:02:38 AM,5:46:07 PM,4:47:45 AM,7:01:00 PM,5:40:01 AM,6:08:43 PM,11:54:22 AM,5:16:02 PM,11:43:29,Asia/Jakarta,420
182,2024-07-01,6:02:47 AM,5:46:20 PM,4:47:56 AM,7:01:11 PM,5:40:11 AM,6:08:56 PM,11:54:33 AM,5:16:16 PM,11:43:33,Asia/Jakarta,420
183,2024-07-02,6:02:55 AM,5:46:33 PM,4:48:07 AM,7:01:22 PM,5:40:20 AM,6:09:08 PM,11:54:44 AM,5:16:30 PM,11:43:37,Asia/Jakarta,420
184,2024-07-03,6:03:03 AM,5:46:46 PM,4:48:17 AM,7:01:32 PM,5:40:29 AM,6:09:21 PM,11:54:55 AM,5:16:45 PM,11:43:43,Asia/Jakarta,420
185,2024-07-04,6:03:11 AM,5:46:59 PM,4:48:27 AM,7:01:43 PM,5:40:37 AM,6:09:33 PM,11:55:05 AM,5:16:59 PM,11:43:48,Asia/Jakarta,420
186,2024-07-05,6:03:18 AM,5:47:12 PM,4:48:37 AM,7:01:53 PM,5:40:45 AM,6:09:45 PM,11:55:15 AM,5:17:13 PM,11:43:54,Asia/Jakarta,420
187,2024-07-06,6:03:24 AM,5:47:25 PM,4:48:47 AM,7:02:02 PM,5:40:53 AM,6:09:57 PM,11:55:25 AM,5:17:27 PM,11:44:00,Asia/Jakarta,420
188,2024-07-07,6:03:30 AM,5:47:38 PM,4:48:57 AM,7:02:12 PM,5:41:00 AM,6:10:09 PM,11:55:34 AM,5:17:42 PM,11:44:07,Asia/Jakarta,420
189,2024-07-08,6:03:36 AM,5:47:51 PM,4:49:06 AM,7:02:21 PM,5:41:06 AM,6:10:20 PM,11:55:43 AM,5:17:56 PM,11:44:14,Asia/Jakarta,420
190,2024-07-09,6:03:41 AM,5:48:03 PM,4:49:14 AM,7:02:30 PM,5:41:12 AM,6:10:32 PM,11:55:52 AM,5:18:10 PM,11:44:22,Asia/Jakarta,420
191,2024-07-10,6:03:45 AM,5:48:16 PM,4:49:22 AM,7:02:38 PM,5:41:18 AM,6:10:43 PM,11:56:00 AM,5:18:24 PM,11:44:30,Asia/Jakarta,420
192,2024-07-11,6:03:49 AM,5:48:28 PM,4:49:30 AM,7:02:47 PM,5:41:23 AM,6:10:54 PM,11:56:08 AM,5:18:38 PM,11:44:38,Asia/Jakarta,420
193,2024-07-12,6:03:52 AM,5:48:40 PM,4:49:38 AM,7:02:54 PM,5:41:27 AM,6:11:05 PM,11:56:16 AM,5:18:52 PM,11:44:47,Asia/Jakarta,420
194,2024-07-13,6:03:55 AM,5:48:52 PM,4:49:45 AM,7:03:02 PM,5:41:31 AM,6:11:15 PM,11:56:23 AM,5:19:05 PM,11:44:57,Asia/Jakarta,420
195,2024-07-14,6:03:57 AM,5:49:03 PM,4:49:51 AM,7:03:09 PM,5:41:35 AM,6:11:25 PM,11:56:30 AM,5:19:19 PM,11:45:06,Asia/Jakarta,420
196,2024-07-15,6:03:58 AM,5:49:15 PM,4:49:57 AM,7:03:16 PM,5:41:38 AM,6:11:35 PM,11:56:36 AM,5:19:32 PM,11:45:16,Asia/Jakarta,420
197,2024-07-16,6:03:59 AM,5:49:26 PM,4:50:03 AM,7:03:22 PM,5:41:40 AM,6:11:45 PM,11:56:42 AM,5:19:45 PM,11:45:26,Asia/Jakarta,420
198,2024-07-17,6:03:59 AM,5:49:37 PM,4:50:08 AM,7:03:28 PM,5:41:41 AM,6:11:54 PM,11:56:48 AM,5:19:58 PM,11:45:37,Asia/Jakarta,420
199,2024-07-18,6:03:58 AM,5:49:47 PM,4:50:12 AM,7:03:33 PM,5:41:42 AM,6:12:03 PM,11:56:53 AM,5:20:11 PM,11:45:48,Asia/Jakarta,420
200,2024-07-19,6:03:57 AM,5:49:57 PM,4:50:16 AM,7:03:38 PM,5:41:43 AM,6:12:12 PM,11:56:57 AM,5:20:23 PM,11:46:00,Asia/Jakarta,420
201,2024-07-20,6:03:55 AM,5:50:07 PM,4:50:20 AM,7:03:43 PM,5:41:42 AM,6:12:20 PM,11:57:01 AM,5:20:36 PM,11:46:12,Asia/Jakarta,420
202,2024-07-21,6:03:53 AM,5:50:17 PM,4:50:23 AM,7:03:47 PM,5:41:41 AM,6:12:28 PM,11:57:05 AM,5:20:47 PM,11:46:24,Asia/Jakarta,420
203,2024-07-22,6:03:49 AM,5:50:26 PM,4:50:25 AM,7:03:51 PM,5:41:40 AM,6:12:36 PM,11:57:08 AM,5:20:59 PM,11:46:36,Asia/Jakarta,420
204,2024-07-23,6:03:45 AM,5:50:35 PM,4:50:27 AM,7:03:54 PM,5:41:38 AM,6:12:43 PM,11:57:10 AM,5:21:10 PM,11:46:49,Asia/Jakarta,420
205,2024-07-24,6:03:41 AM,5:50:43 PM,4:50:28 AM,7:03:57 PM,5:41:35 AM,6:12:49 PM,11:57:12 AM,5:21:21 PM,11:47:02,Asia/Jakarta,420
206,2024-07-25,6:03:36 AM,5:50:52 PM,4:50:28 AM,7:03:59 PM,5:41:31 AM,6:12:56 PM,11:57:14 AM,5:21:32 PM,11:47:16,Asia/Jakarta,420
207,2024-07-26,6:03:29 AM,5:50:59 PM,4:50:28 AM,7:04:01 PM,5:41:27 AM,6:13:02 PM,11:57:14 AM,5:21:42 PM,11:47:29,Asia/Jakarta,420
208,2024-07-27,6:03:23 AM,5:51:07 PM,4:50:27 AM,7:04:02 PM,5:41:22 AM,6:13:07 PM,11:57:15 AM,5:21:52 PM,11:47:43,Asia/Jakarta,420
209,2024-07-28,6:03:15 AM,5:51:13 PM,4:50:25 AM,7:04:03 PM,5:41:16 AM,6:13:12 PM,11:57:14 AM,5:22:01 PM,11:47:58,Asia/Jakarta,420
210,2024-07-29,6:03:07 AM,5:51:20 PM,4:50:23 AM,7:04:04 PM,5:41:10 AM,6:13:17 PM,11:57:13 AM,5:22:10 PM,11:48:12,Asia/Jakarta,420
211,2024-07-30,6:02:58 AM,5:51:26 PM,4:50:20 AM,7:04:04 PM,5:41:03 AM,6:13:21 PM,11:57:12 AM,5:22:19 PM,11:48:27,Asia/Jakarta,420
212,2024-07-31,6:02:48 AM,5:51:31 PM,4:50:17 AM,7:04:03 PM,5:40:55 AM,6:13:25 PM,11:57:10 AM,5:22:27 PM,11:48:43,Asia/Jakarta,420
213,2024-08-01,6:02:38 AM,5:51:37 PM,4:50:12 AM,7:04:03 PM,5:40:47 AM,6:13:28 PM,11:57:07 AM,5:22:35 PM,11:48:58,Asia/Jakarta,420
214,2024-08-02,6:02:27 AM,5:51:41 PM,4:50:07 AM,7:04:01 PM,5:40:37 AM,6:13:31 PM,11:57:04 AM,5:22:42 PM,11:49:14,Asia/Jakarta,420
215,2024-08-03,6:02:15 AM,5:51:46 PM,4:50:01 AM,7:03:59 PM,5:40:27 AM,6:13:33 PM,11:57:00 AM,5:22:49 PM,11:49:30,Asia/Jakarta,420
216,2024-08-04,6:02:03 AM,5:51:49 PM,4:49:55 AM,7:03:57 PM,5:40:17 AM,6:13:35 PM,11:56:56 AM,5:22:55 PM,11:49:46,Asia/Jakarta,420
217,2024-08-05,6:01:49 AM,5:51:53 PM,4:49:48 AM,7:03:54 PM,5:40:05 AM,6:13:37 PM,11:56:51 AM,5:23:01 PM,11:50:03,Asia/Jakarta,420
218,2024-08-06,6:01:36 AM,5:51:55 PM,4:49:40 AM,7:03:51 PM,5:39:53 AM,6:13:38 PM,11:56:45 AM,5:23:06 PM,11:50:19,Asia/Jakarta,420
219,2024-08-07,6:01:21 AM,5:51:58 PM,4:49:31 AM,7:03:47 PM,5:39:40 AM,6:13:38 PM,11:56:39 AM,5:23:11 PM,11:50:36,Asia/Jakarta,420
220,2024-08-08,6:01:06 AM,5:52:00 PM,4:49:22 AM,7:03:43 PM,5:39:27 AM,6:13:38 PM,11:56:33 AM,5:23:16 PM,11:50:54,Asia/Jakarta,420
221,2024-08-09,6:00:49 AM,5:52:01 PM,4:49:12 AM,7:03:39 PM,5:39:13 AM,6:13:38 PM,11:56:25 AM,5:23:20 PM,11:51:11,Asia/Jakarta,420
222,2024-08-10,6:00:33 AM,5:52:02 PM,4:49:01 AM,7:03:34 PM,5:38:58 AM,6:13:37 PM,11:56:17 AM,5:23:23 PM,11:51:29,Asia/Jakarta,420
223,2024-08-11,6:00:15 AM,5:52:02 PM,4:48:49 AM,7:03:28 PM,5:38:42 AM,6:13:35 PM,11:56:09 AM,5:23:26 PM,11:51:47,Asia/Jakarta,420
224,2024-08-12,5:59:57 AM,5:52:02 PM,4:48:37 AM,7:03:22 PM,5:38:26 AM,6:13:34 PM,11:56:00 AM,5:23:29 PM,11:52:05,Asia/Jakarta,420
225,2024-08-13,5:59:38 AM,5:52:02 PM,4:48:24 AM,7:03:16 PM,5:38:09 AM,6:13:31 PM,11:55:50 AM,5:23:31 PM,11:52:23,Asia/Jakarta,420
226,2024-08-14,5:59:19 AM,5:52:01 PM,4:48:10 AM,7:03:09 PM,5:37:51 AM,6:13:28 PM,11:55:40 AM,5:23:32 PM,11:52:42,Asia/Jakarta,420
227,2024-08-15,5:58:59 AM,5:51:59 PM,4:47:56 AM,7:03:02 PM,5:37:33 AM,6:13:25 PM,11:55:29 AM,5:23:33 PM,11:53:00,Asia/Jakarta,420
228,2024-08-16,5:58:38 AM,5:51:57 PM,4:47:40 AM,7:02:55 PM,5:37:13 AM,6:13:22 PM,11:55:18 AM,5:23:33 PM,11:53:19,Asia/Jakarta,420
229,2024-08-17,5:58:16 AM,5:51:55 PM,4:47:24 AM,7:02:47 PM,5:36:54 AM,6:13:17 PM,11:55:06 AM,5:23:33 PM,11:53:38,Asia/Jakarta,420
230,2024-08-18,5:57:54 AM,5:51:52 PM,4:47:07 AM,7:02:39 PM,5:36:33 AM,6:13:13 PM,11:54:53 AM,5:23:33 PM,11:53:57,Asia/Jakarta,420
231,2024-08-19,5:57:31 AM,5:51:49 PM,4:46:50 AM,7:02:30 PM,5:36:12 AM,6:13:08 PM,11:54:40 AM,5:23:32 PM,11:54:17,Asia/Jakarta,420
232,2024-08-20,5:57:08 AM,5:51:45 PM,4:46:32 AM,7:02:21 PM,5:35:50 AM,6:13:03 PM,11:54:26 AM,5:23:30 PM,11:54:36,Asia/Jakarta,420
233,2024-08-21,5:56:44 AM,5:51:41 PM,4:46:13 AM,7:02:12 PM,5:35:28 AM,6:12:57 PM,11:54:12 AM,5:23:28 PM,11:54:56,Asia/Jakarta,420
234,2024-08-22,5:56:20 AM,5:51:36 PM,4:45:53 AM,7:02:02 PM,5:35:05 AM,6:12:51 PM,11:53:58 AM,5:23:26 PM,11:55:16,Asia/Jakarta,420
235,2024-08-23,5:55:55 AM,5:51:31 PM,4:45:33 AM,7:01:52 PM,5:34:42 AM,6:12:44 PM,11:53:43 AM,5:23:23 PM,11:55:36,Asia/Jakarta,420
236,2024-08-24,5:55:29 AM,5:51:25 PM,4:45:12 AM,7:01:42 PM,5:34:17 AM,6:12:37 PM,11:53:27 AM,5:23:20 PM,11:55:56,Asia/Jakarta,420
237,2024-08-25,5:55:03 AM,5:51:20 PM,4:44:50 AM,7:01:32 PM,5:33:53 AM,6:12:30 PM,11:53:11 AM,5:23:16 PM,11:56:16,Asia/Jakarta,420
238,2024-08-26,5:54:36 AM,5:51:13 PM,4:44:28 AM,7:01:21 PM,5:33:27 AM,6:12:22 PM,11:52:55 AM,5:23:11 PM,11:56:37,Asia/Jakarta,420
239,2024-08-27,5:54:09 AM,5:51:07 PM,4:44:05 AM,7:01:10 PM,5:33:01 AM,6:12:14 PM,11:52:38 AM,5:23:07 PM,11:56:57,Asia/Jakarta,420
240,2024-08-28,5:53:41 AM,5:51:00 PM,4:43:42 AM,7:00:59 PM,5:32:35 AM,6:12:06 PM,11:52:20 AM,5:23:02 PM,11:57:18,Asia/Jakarta,420
241,2024-08-29,5:53:13 AM,5:50:52 PM,4:43:17 AM,7:00:48 PM,5:32:08 AM,6:11:57 PM,11:52:03 AM,5:22:56 PM,11:57:39,Asia/Jakarta,420
242,2024-08-30,5:52:44 AM,5:50:44 PM,4:42:53 AM,7:00:36 PM,5:31:41 AM,6:11:48 PM,11:51:44 AM,5:22:50 PM,11:58:00,Asia/Jakarta,420
243,2024-08-31,5:52:15 AM,5:50:36 PM,4:42:27 AM,7:00:24 PM,5:31:13 AM,6:11:39 PM,11:51:26 AM,5:22:44 PM,11:58:21,Asia/Jakarta,420
244,2024-09-01,5:51:46 AM,5:50:28 PM,4:42:01 AM,7:00:12 PM,5:30:44 AM,6:11:29 PM,11:51:07 AM,5:22:37 PM,11:58:42,Asia/Jakarta,420
245,2024-09-02,5:51:16 AM,5:50:19 PM,4:41:35 AM,7:00:00 PM,5:30:16 AM,6:11:20 PM,11:50:48 AM,5:22:30 PM,11:59:03,Asia/Jakarta,420
246,2024-09-03,5:50:45 AM,5:50:10 PM,4:41:08 AM,6:59:48 PM,5:29:46 AM,6:11:10 PM,11:50:28 AM,5:22:23 PM,11:59:25,Asia/Jakarta,420
247,2024-09-04,5:50:15 AM,5:50:01 PM,4:40:40 AM,6:59:36 PM,5:29:17 AM,6:10:59 PM,11:50:08 AM,5:22:15 PM,11:59:46,Asia/Jakarta,420
248,2024-09-05,5:49:44 AM,5:49:52 PM,4:40:12 AM,6:59:24 PM,5:28:47 AM,6:10:49 PM,11:49:48 AM,5:22:07 PM,12:00:08,Asia/Jakarta,420
249,2024-09-06,5:49:12 AM,5:49:42 PM,4:39:43 AM,6:59:11 PM,5:28:16 AM,6:10:38 PM,11:49:27 AM,5:21:58 PM,12:00:29,Asia/Jakarta,420
250,2024-09-07,5:48:41 AM,5:49:32 PM,4:39:14 AM,6:58:59 PM,5:27:45 AM,6:10:28 PM,11:49:07 AM,5:21:50 PM,12:00:51,Asia/Jakarta,420
251,2024-09-08,5:48:09 AM,5:49:22 PM,4:38:45 AM,6:58:46 PM,5:27:14 AM,6:10:17 PM,11:48:46 AM,5:21:41 PM,12:01:13,Asia/Jakarta,420
252,2024-09-09,5:47:37 AM,5:49:12 PM,4:38:15 AM,6:58:34 PM,5:26:43 AM,6:10:06 PM,11:48:24 AM,5:21:32 PM,12:01:35,Asia/Jakarta,420
253,2024-09-10,5:47:04 AM,5:49:01 PM,4:37:44 AM,6:58:21 PM,5:26:11 AM,6:09:55 PM,11:48:03 AM,5:21:22 PM,12:01:57,Asia/Jakarta,420
254,2024-09-11,5:46:32 AM,5:48:51 PM,4:37:13 AM,6:58:09 PM,5:25:39 AM,6:09:43 PM,11:47:41 AM,5:21:13 PM,12:02:19,Asia/Jakarta,420
255,2024-09-12,5:45:59 AM,5:48:40 PM,4:36:42 AM,6:57:57 PM,5:25:07 AM,6:09:32 PM,11:47:20 AM,5:21:03 PM,12:02:41,Asia/Jakarta,420
256,2024-09-13,5:45:26 AM,5:48:29 PM,4:36:11 AM,6:57:45 PM,5:24:35 AM,6:09:21 PM,11:46:58 AM,5:20:53 PM,12:03:03,Asia/Jakarta,420
257,2024-09-14,5:44:53 AM,5:48:19 PM,4:35:39 AM,6:57:32 PM,5:24:02 AM,6:09:09 PM,11:46:36 AM,5:20:43 PM,12:03:25,Asia/Jakarta,420
258,2024-09-15,5:44:20 AM,5:48:08 PM,4:35:07 AM,6:57:21 PM,5:23:29 AM,6:08:58 PM,11:46:14 AM,5:20:33 PM,12:03:48,Asia/Jakarta,420
259,2024-09-16,5:43:46 AM,5:47:57 PM,4:34:34 AM,6:57:09 PM,5:22:56 AM,6:08:47 PM,11:45:51 AM,5:20:23 PM,12:04:10,Asia/Jakarta,420
260,2024-09-17,5:43:13 AM,5:47:46 PM,4:34:02 AM,6:56:57 PM,5:22:23 AM,6:08:36 PM,11:45:29 AM,5:20:12 PM,12:04:32,Asia/Jakarta,420
261,2024-09-18,5:42:39 AM,5:47:35 PM,4:33:29 AM,6:56:46 PM,5:21:50 AM,6:08:24 PM,11:45:07 AM,5:20:02 PM,12:04:55,Asia/Jakarta,420
262,2024-09-19,5:42:06 AM,5:47:24 PM,4:32:55 AM,6:56:35 PM,5:21:17 AM,6:08:13 PM,11:44:45 AM,5:19:51 PM,12:05:17,Asia/Jakarta,420
263,2024-09-20,5:41:33 AM,5:47:13 PM,4:32:22 AM,6:56:24 PM,5:20:43 AM,6:08:02 PM,11:44:23 AM,5:19:41 PM,12:05:40,Asia/Jakarta,420
264,2024-09-21,5:40:59 AM,5:47:02 PM,4:31:48 AM,6:56:13 PM,5:20:10 AM,6:07:51 PM,11:44:01 AM,5:19:30 PM,12:06:03,Asia/Jakarta,420
265,2024-09-22,5:40:26 AM,5:46:52 PM,4:31:15 AM,6:56:03 PM,5:19:37 AM,6:07:41 PM,11:43:39 AM,5:19:19 PM,12:06:25,Asia/Jakarta,420
266,2024-09-23,5:39:53 AM,5:46:41 PM,4:30:41 AM,6:55:53 PM,5:19:03 AM,6:07:30 PM,11:43:17 AM,5:19:09 PM,12:06:48,Asia/Jakarta,420
267,2024-09-24,5:39:19 AM,5:46:31 PM,4:30:07 AM,6:55:43 PM,5:18:30 AM,6:07:20 PM,11:42:55 AM,5:18:59 PM,12:07:11,Asia/Jakarta,420
268,2024-09-25,5:38:46 AM,5:46:20 PM,4:29:33 AM,6:55:34 PM,5:17:57 AM,6:07:10 PM,11:42:33 AM,5:18:48 PM,12:07:33,Asia/Jakarta,420
269,2024-09-26,5:38:14 AM,5:46:10 PM,4:28:59 AM,6:55:25 PM,5:17:24 AM,6:07:00 PM,11:42:12 AM,5:18:38 PM,12:07:56,Asia/Jakarta,420
270,2024-09-27,5:37:41 AM,5:46:00 PM,4:28:25 AM,6:55:16 PM,5:16:51 AM,6:06:50 PM,11:41:51 AM,5:18:28 PM,12:08:19,Asia/Jakarta,420
271,2024-09-28,5:37:09 AM,5:45:51 PM,4:27:51 AM,6:55:08 PM,5:16:18 AM,6:06:41 PM,11:41:30 AM,5:18:18 PM,12:08:42,Asia/Jakarta,420
272,2024-09-29,5:36:36 AM,5:45:41 PM,4:27:17 AM,6:55:00 PM,5:15:46 AM,6:06:32 PM,11:41:09 AM,5:18:08 PM,12:09:04,Asia/Jakarta,420
273,2024-09-30,5:36:04 AM,5:45:32 PM,4:26:43 AM,6:54:53 PM,5:15:13 AM,6:06:23 PM,11:40:48 AM,5:17:59 PM,12:09:27,Asia/Jakarta,420
274,2024-10-01,5:35:33 AM,5:45:23 PM,4:26:10 AM,6:54:47 PM,5:14:41 AM,6:06:15 PM,11:40:28 AM,5:17:49 PM,12:09:50,Asia/Jakarta,420
275,2024-10-02,5:35:02 AM,5:45:15 PM,4:25:36 AM,6:54:41 PM,5:14:09 AM,6:06:07 PM,11:40:08 AM,5:17:40 PM,12:10:13,Asia/Jakarta,420
276,2024-10-03,5:34:31 AM,5:45:07 PM,4:25:02 AM,6:54:35 PM,5:13:38 AM,6:06:00 PM,11:39:49 AM,5:17:31 PM,12:10:36,Asia/Jakarta,420
277,2024-10-04,5:34:00 AM,5:44:59 PM,4:24:29 AM,6:54:30 PM,5:13:06 AM,6:05:53 PM,11:39:30 AM,5:17:23 PM,12:10:59,Asia/Jakarta,420
278,2024-10-05,5:33:30 AM,5:44:52 PM,4:23:56 AM,6:54:26 PM,5:12:35 AM,6:05:46 PM,11:39:11 AM,5:17:15 PM,12:11:21,Asia/Jakarta,420
279,2024-10-06,5:33:00 AM,5:44:45 PM,4:23:23 AM,6:54:22 PM,5:12:05 AM,6:05:40 PM,11:38:52 AM,5:17:07 PM,12:11:44,Asia/Jakarta,420
280,2024-10-07,5:32:31 AM,5:44:38 PM,4:22:50 AM,6:54:19 PM,5:11:35 AM,6:05:34 PM,11:38:34 AM,5:16:59 PM,12:12:07,Asia/Jakarta,420
281,2024-10-08,5:32:02 AM,5:44:32 PM,4:22:18 AM,6:54:16 PM,5:11:05 AM,6:05:29 PM,11:38:17 AM,5:16:52 PM,12:12:30,Asia/Jakarta,420
282,2024-10-09,5:31:33 AM,5:44:26 PM,4:21:46 AM,6:54:14 PM,5:10:35 AM,6:05:24 PM,11:38:00 AM,5:16:45 PM,12:12:53,Asia/Jakarta,420
283,2024-10-10,5:31:06 AM,5:44:21 PM,4:21:14 AM,6:54:13 PM,5:10:07 AM,6:05:20 PM,11:37:43 AM,5:16:39 PM,12:13:15,Asia/Jakarta,420
284,2024-10-11,5:30:38 AM,5:44:17 PM,4:20:43 AM,6:54:12 PM,5:09:38 AM,6:05:17 PM,11:37:27 AM,5:16:33 PM,12:13:38,Asia/Jakarta,420
285,2024-10-12,5:30:11 AM,5:44:12 PM,4:20:12 AM,6:54:12 PM,5:09:10 AM,6:05:14 PM,11:37:12 AM,5:16:28 PM,12:14:01,Asia/Jakarta,420
286,2024-10-13,5:29:45 AM,5:44:09 PM,4:19:41 AM,6:54:13 PM,5:08:43 AM,6:05:11 PM,11:36:57 AM,5:16:22 PM,12:14:23,Asia/Jakarta,420
287,2024-10-14,5:29:20 AM,5:44:06 PM,4:19:11 AM,6:54:15 PM,5:08:16 AM,6:05:09 PM,11:36:43 AM,5:16:18 PM,12:14:46,Asia/Jakarta,420
288,2024-10-15,5:28:55 AM,5:44:03 PM,4:18:41 AM,6:54:17 PM,5:07:50 AM,6:05:08 PM,11:36:29 AM,5:16:14 PM,12:15:08,Asia/Jakarta,420
289,2024-10-16,5:28:31 AM,5:44:02 PM,4:18:12 AM,6:54:20 PM,5:07:24 AM,6:05:08 PM,11:36:16 AM,5:16:10 PM,12:15:31,Asia/Jakarta,420
290,2024-10-17,5:28:07 AM,5:44:00 PM,4:17:43 AM,6:54:24 PM,5:06:59 AM,6:05:08 PM,11:36:04 AM,5:16:08 PM,12:15:53,Asia/Jakarta,420
291,2024-10-18,5:27:44 AM,5:44:00 PM,4:17:15 AM,6:54:29 PM,5:06:35 AM,6:05:09 PM,11:35:52 AM,5:16:05 PM,12:16:15,Asia/Jakarta,420
292,2024-10-19,5:27:22 AM,5:44:00 PM,4:16:47 AM,6:54:34 PM,5:06:11 AM,6:05:10 PM,11:35:41 AM,5:16:03 PM,12:16:37,Asia/Jakarta,420
293,2024-10-20,5:27:00 AM,5:44:00 PM,4:16:20 AM,6:54:41 PM,5:05:48 AM,6:05:12 PM,11:35:30 AM,5:16:02 PM,12:16:59,Asia/Jakarta,420
294,2024-10-21,5:26:39 AM,5:44:01 PM,4:15:53 AM,6:54:48 PM,5:05:26 AM,6:05:15 PM,11:35:20 AM,5:16:01 PM,12:17:21,Asia/Jakarta,420
295,2024-10-22,5:26:19 AM,5:44:03 PM,4:15:27 AM,6:54:56 PM,5:05:04 AM,6:05:19 PM,11:35:11 AM,5:16:01 PM,12:17:43,Asia/Jakarta,420
296,2024-10-23,5:26:00 AM,5:44:06 PM,4:15:02 AM,6:55:04 PM,5:04:43 AM,6:05:23 PM,11:35:03 AM,5:16:02 PM,12:18:05,Asia/Jakarta,420
297,2024-10-24,5:25:42 AM,5:44:09 PM,4:14:37 AM,6:55:14 PM,5:04:23 AM,6:05:28 PM,11:34:56 AM,5:16:03 PM,12:18:27,Asia/Jakarta,420
298,2024-10-25,5:25:24 AM,5:44:13 PM,4:14:13 AM,6:55:24 PM,5:04:04 AM,6:05:34 PM,11:34:49 AM,5:16:05 PM,12:18:49,Asia/Jakarta,420
299,2024-10-26,5:25:08 AM,5:44:18 PM,4:13:50 AM,6:55:36 PM,5:03:45 AM,6:05:40 PM,11:34:43 AM,5:16:08 PM,12:19:10,Asia/Jakarta,420
300,2024-10-27,5:24:52 AM,5:44:24 PM,4:13:28 AM,6:55:48 PM,5:03:28 AM,6:05:47 PM,11:34:38 AM,5:16:11 PM,12:19:31,Asia/Jakarta,420
301,2024-10-28,5:24:37 AM,5:44:30 PM,4:13:06 AM,6:56:00 PM,5:03:11 AM,6:05:55 PM,11:34:33 AM,5:16:15 PM,12:19:53,Asia/Jakarta,420
302,2024-10-29,5:24:22 AM,5:44:37 PM,4:12:45 AM,6:56:14 PM,5:02:55 AM,6:06:04 PM,11:34:29 AM,5:16:19 PM,12:20:14,Asia/Jakarta,420
303,2024-10-30,5:24:09 AM,5:44:44 PM,4:12:25 AM,6:56:29 PM,5:02:40 AM,6:06:14 PM,11:34:27 AM,5:16:25 PM,12:20:35,Asia/Jakarta,420
304,2024-10-31,5:23:57 AM,5:44:53 PM,4:12:05 AM,6:56:44 PM,5:02:25 AM,6:06:24 PM,11:34:25 AM,5:16:31 PM,12:20:55,Asia/Jakarta,420
305,2024-11-01,5:23:45 AM,5:45:02 PM,4:11:46 AM,6:57:00 PM,5:02:12 AM,6:06:35 PM,11:34:23 AM,5:16:37 PM,12:21:16,Asia/Jakarta,420
306,2024-11-02,5:23:35 AM,5:45:12 PM,4:11:29 AM,6:57:17 PM,5:01:59 AM,6:06:47 PM,11:34:23 AM,5:16:45 PM,12:21:36,Asia/Jakarta,420
307,2024-11-03,5:23:25 AM,5:45:22 PM,4:11:12 AM,6:57:35 PM,5:01:48 AM,6:06:59 PM,11:34:23 AM,5:16:53 PM,12:21:57,Asia/Jakarta,420
308,2024-11-04,5:23:16 AM,5:45:33 PM,4:10:56 AM,6:57:54 PM,5:01:37 AM,6:07:13 PM,11:34:25 AM,5:17:02 PM,12:22:17,Asia/Jakarta,420
309,2024-11-05,5:23:08 AM,5:45:45 PM,4:10:40 AM,6:58:13 PM,5:01:27 AM,6:07:27 PM,11:34:27 AM,5:17:11 PM,12:22:37,Asia/Jakarta,420
310,2024-11-06,5:23:02 AM,5:45:58 PM,4:10:26 AM,6:58:34 PM,5:01:18 AM,6:07:42 PM,11:34:30 AM,5:17:21 PM,12:22:56,Asia/Jakarta,420
311,2024-11-07,5:22:56 AM,5:46:12 PM,4:10:13 AM,6:58:55 PM,5:01:10 AM,6:07:57 PM,11:34:34 AM,5:17:32 PM,12:23:16,Asia/Jakarta,420
312,2024-11-08,5:22:51 AM,5:46:26 PM,4:10:00 AM,6:59:17 PM,5:01:03 AM,6:08:14 PM,11:34:38 AM,5:17:44 PM,12:23:35,Asia/Jakarta,420
313,2024-11-09,5:22:47 AM,5:46:41 PM,4:09:49 AM,6:59:39 PM,5:00:57 AM,6:08:31 PM,11:34:44 AM,5:17:56 PM,12:23:54,Asia/Jakarta,420
314,2024-11-10,5:22:44 AM,5:46:57 PM,4:09:38 AM,7:00:02 PM,5:00:52 AM,6:08:48 PM,11:34:50 AM,5:18:09 PM,12:24:12,Asia/Jakarta,420
315,2024-11-11,5:22:42 AM,5:47:13 PM,4:09:28 AM,7:00:26 PM,5:00:48 AM,6:09:07 PM,11:34:57 AM,5:18:23 PM,12:24:31,Asia/Jakarta,420
316,2024-11-12,5:22:41 AM,5:47:30 PM,4:09:20 AM,7:00:51 PM,5:00:45 AM,6:09:26 PM,11:35:05 AM,5:18:38 PM,12:24:49,Asia/Jakarta,420
317,2024-11-13,5:22:41 AM,5:47:48 PM,4:09:12 AM,7:01:17 PM,5:00:43 AM,6:09:46 PM,11:35:14 AM,5:18:53 PM,12:25:07,Asia/Jakarta,420
318,2024-11-14,5:22:41 AM,5:48:07 PM,4:09:05 AM,7:01:43 PM,5:00:41 AM,6:10:07 PM,11:35:24 AM,5:19:09 PM,12:25:25,Asia/Jakarta,420
319,2024-11-15,5:22:43 AM,5:48:26 PM,4:09:00 AM,7:02:09 PM,5:00:41 AM,6:10:28 PM,11:35:35 AM,5:19:25 PM,12:25:42,Asia/Jakarta,420
320,2024-11-16,5:22:46 AM,5:48:46 PM,4:08:55 AM,7:02:37 PM,5:00:42 AM,6:10:50 PM,11:35:46 AM,5:19:43 PM,12:25:59,Asia/Jakarta,420
321,2024-11-17,5:22:50 AM,5:49:06 PM,4:08:51 AM,7:03:05 PM,5:00:44 AM,6:11:12 PM,11:35:58 AM,5:20:01 PM,12:26:16,Asia/Jakarta,420
322,2024-11-18,5:22:55 AM,5:49:27 PM,4:08:49 AM,7:03:33 PM,5:00:46 AM,6:11:35 PM,11:36:11 AM,5:20:19 PM,12:26:32,Asia/Jakarta,420
323,2024-11-19,5:23:00 AM,5:49:49 PM,4:08:47 AM,7:04:02 PM,5:00:50 AM,6:11:59 PM,11:36:25 AM,5:20:38 PM,12:26:48,Asia/Jakarta,420
324,2024-11-20,5:23:07 AM,5:50:11 PM,4:08:46 AM,7:04:32 PM,5:00:55 AM,6:12:23 PM,11:36:39 AM,5:20:58 PM,12:27:04,Asia/Jakarta,420
325,2024-11-21,5:23:14 AM,5:50:34 PM,4:08:47 AM,7:05:02 PM,5:01:00 AM,6:12:48 PM,11:36:54 AM,5:21:19 PM,12:27:19,Asia/Jakarta,420
326,2024-11-22,5:23:23 AM,5:50:58 PM,4:08:48 AM,7:05:32 PM,5:01:07 AM,6:13:14 PM,11:37:10 AM,5:21:40 PM,12:27:34,Asia/Jakarta,420
327,2024-11-23,5:23:32 AM,5:51:22 PM,4:08:51 AM,7:06:03 PM,5:01:14 AM,6:13:40 PM,11:37:27 AM,5:22:01 PM,12:27:49,Asia/Jakarta,420
328,2024-11-24,5:23:43 AM,5:51:46 PM,4:08:54 AM,7:06:35 PM,5:01:23 AM,6:14:06 PM,11:37:44 AM,5:22:24 PM,12:28:03,Asia/Jakarta,420
329,2024-11-25,5:23:54 AM,5:52:11 PM,4:08:59 AM,7:07:06 PM,5:01:32 AM,6:14:33 PM,11:38:03 AM,5:22:46 PM,12:28:17,Asia/Jakarta,420
330,2024-11-26,5:24:06 AM,5:52:37 PM,4:09:04 AM,7:07:39 PM,5:01:43 AM,6:15:00 PM,11:38:22 AM,5:23:10 PM,12:28:30,Asia/Jakarta,420
331,2024-11-27,5:24:19 AM,5:53:03 PM,4:09:11 AM,7:08:11 PM,5:01:54 AM,6:15:28 PM,11:38:41 AM,5:23:33 PM,12:28:43,Asia/Jakarta,420
332,2024-11-28,5:24:33 AM,5:53:29 PM,4:09:19 AM,7:08:44 PM,5:02:06 AM,6:15:56 PM,11:39:01 AM,5:23:58 PM,12:28:56,Asia/Jakarta,420
333,2024-11-29,5:24:48 AM,5:53:56 PM,4:09:27 AM,7:09:17 PM,5:02:19 AM,6:16:25 PM,11:39:22 AM,5:24:22 PM,12:29:08,Asia/Jakarta,420
334,2024-11-30,5:25:04 AM,5:54:23 PM,4:09:37 AM,7:09:50 PM,5:02:33 AM,6:16:54 PM,11:39:43 AM,5:24:48 PM,12:29:19,Asia/Jakarta,420
335,2024-12-01,5:25:20 AM,5:54:51 PM,4:09:48 AM,7:10:23 PM,5:02:48 AM,6:17:23 PM,11:40:06 AM,5:25:13 PM,12:29:31,Asia/Jakarta,420
336,2024-12-02,5:25:37 AM,5:55:19 PM,4:10:00 AM,7:10:57 PM,5:03:04 AM,6:17:52 PM,11:40:28 AM,5:25:39 PM,12:29:41,Asia/Jakarta,420
337,2024-12-03,5:25:55 AM,5:55:47 PM,4:10:12 AM,7:11:30 PM,5:03:20 AM,6:18:22 PM,11:40:51 AM,5:26:06 PM,12:29:52,Asia/Jakarta,420
338,2024-12-04,5:26:14 AM,5:56:16 PM,4:10:26 AM,7:12:04 PM,5:03:38 AM,6:18:52 PM,11:41:15 AM,5:26:33 PM,12:30:01,Asia/Jakarta,420
339,2024-12-05,5:26:34 AM,5:56:45 PM,4:10:41 AM,7:12:38 PM,5:03:56 AM,6:19:22 PM,11:41:39 AM,5:27:00 PM,12:30:11,Asia/Jakarta,420
340,2024-12-06,5:26:54 AM,5:57:14 PM,4:10:56 AM,7:13:11 PM,5:04:15 AM,6:19:53 PM,11:42:04 AM,5:27:28 PM,12:30:20,Asia/Jakarta,420
341,2024-12-07,5:27:15 AM,5:57:43 PM,4:11:13 AM,7:13:45 PM,5:04:35 AM,6:20:23 PM,11:42:29 AM,5:27:55 PM,12:30:28,Asia/Jakarta,420
342,2024-12-08,5:27:37 AM,5:58:13 PM,4:11:31 AM,7:14:19 PM,5:04:55 AM,6:20:54 PM,11:42:55 AM,5:28:23 PM,12:30:36,Asia/Jakarta,420
343,2024-12-09,5:27:59 AM,5:58:42 PM,4:11:49 AM,7:14:52 PM,5:05:17 AM,6:21:25 PM,11:43:21 AM,5:28:52 PM,12:30:43,Asia/Jakarta,420
344,2024-12-10,5:28:22 AM,5:59:12 PM,4:12:09 AM,7:15:25 PM,5:05:39 AM,6:21:55 PM,11:43:47 AM,5:29:20 PM,12:30:50,Asia/Jakarta,420
345,2024-12-11,5:28:46 AM,5:59:42 PM,4:12:29 AM,7:15:59 PM,5:06:02 AM,6:22:26 PM,11:44:14 AM,5:29:49 PM,12:30:56,Asia/Jakarta,420
346,2024-12-12,5:29:10 AM,6:00:12 PM,4:12:50 AM,7:16:32 PM,5:06:25 AM,6:22:57 PM,11:44:41 AM,5:30:18 PM,12:31:02,Asia/Jakarta,420
347,2024-12-13,5:29:35 AM,6:00:42 PM,4:13:12 AM,7:17:04 PM,5:06:49 AM,6:23:28 PM,11:45:08 AM,5:30:47 PM,12:31:07,Asia/Jakarta,420
348,2024-12-14,5:30:00 AM,6:01:12 PM,4:13:35 AM,7:17:37 PM,5:07:14 AM,6:23:58 PM,11:45:36 AM,5:31:16 PM,12:31:11,Asia/Jakarta,420
349,2024-12-15,5:30:26 AM,6:01:42 PM,4:13:59 AM,7:18:09 PM,5:07:39 AM,6:24:29 PM,11:46:04 AM,5:31:45 PM,12:31:15,Asia/Jakarta,420
350,2024-12-16,5:30:52 AM,6:02:12 PM,4:14:24 AM,7:18:40 PM,5:08:05 AM,6:24:59 PM,11:46:32 AM,5:32:14 PM,12:31:19,Asia/Jakarta,420
351,2024-12-17,5:31:19 AM,6:02:41 PM,4:14:49 AM,7:19:12 PM,5:08:31 AM,6:25:29 PM,11:47:00 AM,5:32:44 PM,12:31:22,Asia/Jakarta,420
352,2024-12-18,5:31:47 AM,6:03:11 PM,4:15:15 AM,7:19:43 PM,5:08:58 AM,6:25:59 PM,11:47:29 AM,5:33:13 PM,12:31:24,Asia/Jakarta,420
353,2024-12-19,5:32:14 AM,6:03:41 PM,4:15:42 AM,7:20:13 PM,5:09:26 AM,6:26:29 PM,11:47:57 AM,5:33:42 PM,12:31:26,Asia/Jakarta,420
354,2024-12-20,5:32:43 AM,6:04:10 PM,4:16:09 AM,7:20:43 PM,5:09:54 AM,6:26:59 PM,11:48:26 AM,5:34:11 PM,12:31:27,Asia/Jakarta,420
355,2024-12-21,5:33:11 AM,6:04:39 PM,4:16:37 AM,7:21:13 PM,5:10:22 AM,6:27:28 PM,11:48:55 AM,5:34:40 PM,12:31:27,Asia/Jakarta,420
356,2024-12-22,5:33:40 AM,6:05:08 PM,4:17:06 AM,7:21:42 PM,5:10:51 AM,6:27:57 PM,11:49:24 AM,5:35:09 PM,12:31:28,Asia/Jakarta,420
357,2024-12-23,5:34:09 AM,6:05:37 PM,4:17:36 AM,7:22:10 PM,5:11:20 AM,6:28:25 PM,11:49:53 AM,5:35:38 PM,12:31:27,Asia/Jakarta,420
358,2024-12-24,5:34:39 AM,6:06:05 PM,4:18:06 AM,7:22:38 PM,5:11:50 AM,6:28:54 PM,11:50:22 AM,5:36:06 PM,12:31:26,Asia/Jakarta,420
359,2024-12-25,5:35:08 AM,6:06:33 PM,4:18:36 AM,7:23:05 PM,5:12:20 AM,6:29:21 PM,11:50:51 AM,5:36:35 PM,12:31:24,Asia/Jakarta,420
360,2024-12-26,5:35:38 AM,6:07:01 PM,4:19:07 AM,7:23:31 PM,5:12:50 AM,6:29:49 PM,11:51:19 AM,5:37:03 PM,12:31:22,Asia/Jakarta,420
361,2024-12-27,5:36:08 AM,6:07:28 PM,4:19:39 AM,7:23:57 PM,5:13:21 AM,6:30:16 PM,11:51:48 AM,5:37:31 PM,12:31:19,Asia/Jakarta,420
362,2024-12-28,5:36:38 AM,6:07:55 PM,4:20:11 AM,7:24:22 PM,5:13:51 AM,6:30:42 PM,11:52:17 AM,5:37:58 PM,12:31:16,Asia/Jakarta,420
363,2024-12-29,5:37:09 AM,6:08:21 PM,4:20:43 AM,7:24:47 PM,5:14:22 AM,6:31:08 PM,11:52:45 AM,5:38:25 PM,12:31:12,Asia/Jakarta,420
364,2024-12-30,5:37:39 AM,6:08:47 PM,4:21:16 AM,7:25:10 PM,5:14:53 AM,6:31:33 PM,11:53:13 AM,5:38:52 PM,12:31:08,Asia/Jakarta,420
365,2024-12-31,5:38:10 AM,6:09:13 PM,4:21:50 AM,7:25:33 PM,5:15:25 AM,6:31:58 PM,11:53:41 AM,5:39:19 PM,12:31:03,Asia/Jakarta,420
